attempt_identity,replicate_index,run_id,outcome,elapsed_s,reason,manifest_sha256
facefix-20260826-r01,0,bv20-dfb8f1827880730362014cd4,failed,900.0,time limit,dfb8f1827880730362014cd4b53a5808a5d9510e84eaf6f9ecb6136b353d62c3
facefix-20260826-r02,1,bv20-3215d1eefdc67354709d22b6,failed,900.0,time limit,3215d1eefdc67354709d22b638e73ca757d8354095aee9fb19b43d8ba400b88e
facefix-20260826-r03,2,bv20-c31cc1a41f2f1a372f23bbc5,passed,866.0,,c31cc1a41f2f1a372f23bbc521a18a84695d351edd69ca4318c3a36fe984006c
facefix-20260826-r04,3,bv20-1df57b94522ed9312ba37cd9,passed,529.7,,1df57b94522ed9312ba37cd9c9dd20b3b2607b0c04f3bf5119e70f27b5e774ce
facefix-20260826-r05,4,bv20-518e5dee7229459b3a07912f,failed,900.0,time limit,518e5dee7229459b3a07912f444ad8c8d1b56aa47d9592ca1743923ba3bd4cd8
facefix-20260826-r06,5,bv20-bfcc24ecfa64f2d4b50b25af,passed,466.9,,bfcc24ecfa64f2d4b50b25aff9851c885ab2e98104a8a25ac16223220ba7e30c
facefix-20260826-r07,6,bv20-7ad71f56f0e29ab2b7254306,passed,579.1,,7ad71f56f0e29ab2b725430666ad7b22dd7263179ee7c3b0ce56f0ba1f712e50
facefix-20260826-r08,7,bv20-32813186e741a7dbfc890a37,passed,710.4,,32813186e741a7dbfc890a37a9e355202cba69dd376af3efdda48edfd1a8cba7
facefix-20260826-r09,8,bv20-35280a605a6b33aae9a44893,passed,786.9,,35280a605a6b33aae9a44893bc0cae8a94dcc4226f239046eefd4f77be19795b
facefix-20260826-r10,9,bv20-8b2cb46ac4acba202d6a2c79,passed,653.1,,8b2cb46ac4acba202d6a2c79f91d2e57bda646a8956a6c171a11b48fc6843edf
facefix-20260826-r11,10,bv20-c8dc89def140ab3c0322e4b5,passed,829.3,,c8dc89def140ab3c0322e4b59c13b0eb7cc813aa130f64f3bee3732139608f55
facefix-20260826-r12,11,bv20-f8c9449781811c14daafc304,passed,478.0,,f8c9449781811c14daafc304d9e2330d831b13fecedf2c88aa076cc248926427
facefix-20260826-r13,12,bv20-4893d3336d0a357e0ecf8411,passed,892.6,,4893d3336d0a357e0ecf84110d65030846b02fdb4def216c031df73f5021654e
facefix-20260826-r14,13,bv20-90b103f41087e39ec6904255,passed,619.1,,90b103f41087e39ec69042556436dd43c80eae35152e4ab58312dd257b1a1ce4
facefix-20260826-r15,14,bv20-6b73cf7580682f0ac0e23092,failed,900.0,time limit,6b73cf7580682f0ac0e23092b53a908fa3fceb8d7f29820d38acb1d1830318e5
facefix-20260826-r16,15,bv20-27c8c710baaf8df681892668,passed,882.4,,27c8c710baaf8df68189266837349715f9d641f57f1bffc87c9cd9e0f23e2540
facefix-20260826-r17,16,bv20-62a23a079d4509377838de9d,failed,900.0,time limit,62a23a079d4509377838de9d3dbca3cd5c92be634d5a554f874bff2e8da19116
facefix-20260826-r18,17,bv20-6130d462138a0d1592791fee,passed,470.1,,6130d462138a0d1592791fee2010434950e01b49246d9715e3c37486722251d7
facefix-20260826-r19,18,bv20-f740216d358e7c823c284015,passed,514.8,,f740216d358e7c823c284015825ac3069ff55c205c44396c81ae7039307dbfaf
facefix-20260826-r20,19,bv20-2e408b3aa41a514237ba0385,failed,900.0,"time limit; mission evidence invalid: RuntimeError: expected exactly one fresh mission run, found 2",2e408b3aa41a514237ba03853d31a8a7584a367a4330e9c3448fdefdba87c8f7
facefix-20260826-r21,20,bv20-9be7b637ab430a538fb79abb,passed,453.1,,9be7b637ab430a538fb79abb730cf3dc765a68c4b6fdcae3eabc2a8fe84dabd3
facefix-20260826-r22,21,bv20-b734c3d3f07d0570f902e6ed,passed,538.8,,b734c3d3f07d0570f902e6eda6c273c51cbc9d7344043193edd8815908f415e9
facefix-20260826-r23,22,bv20-066cc3d0892e3e060d842915,failed,900.0,"time limit; mission evidence invalid: RuntimeError: expected exactly one fresh mission run, found 2",066cc3d0892e3e060d842915242733640b2809ec0578f353d628368afebedc01
facefix-20260826-r24,23,bv20-672002afcb3ad22692594a67,passed,661.8,,672002afcb3ad22692594a671f9358cd7d375a801b352c2cd626649b7116b437
facefix-20260826-r25,24,bv20-0083480a26ce5df278815e1e,passed,684.5,,0083480a26ce5df278815e1e3b3aa3e5c3589e1d7500812970daf78b022580d1
facefix-20260826-r26,25,bv20-c94c5462609eb2109b500682,failed,900.0,time limit,c94c5462609eb2109b5006826baf9b64444f8584120888aa12c902adea18b2e4
facefix-20260826-r27,26,bv20-31019322dc4786dfb98e85db,failed,900.0,time limit,31019322dc4786dfb98e85db0ccfd9eccac4677b44cb57356d4f208d1a4f035e
facefix-20260826-r28,27,bv20-d457e5212cb0a8c40671ea92,failed,900.0,"time limit; mission evidence invalid: RuntimeError: expected exactly one fresh mission run, found 2",d457e5212cb0a8c40671ea92da8005cbb6db94c70dab615c92d2029898db787c
facefix-20260826-r29,28,bv20-92409fc625efdde49d9e46c2,passed,477.0,,92409fc625efdde49d9e46c2b61f3cb4e001b8bed964f5fbe6879cd7a27c2ed4
facefix-20260826-r30,29,bv20-8dd060b223ca8f4178acbb73,failed,900.0,time limit,8dd060b223ca8f4178acbb73bce07cdce5026173d8288ac53cfae77d79265dd8
facefix-20260826-r31,30,bv20-ebcc99459c1ebd57fa91f2ad,failed,900.0,"time limit; mission evidence invalid: RuntimeError: expected exactly one fresh mission run, found 2",ebcc99459c1ebd57fa91f2ad9decc8dd3f781f68d5f2fc26e13a8b09373ce252
facefix-20260826-r32,31,bv20-ed95086f83d1f28792eace8f,failed,900.0,"time limit; mission evidence invalid: RuntimeError: expected exactly one fresh mission run, found 2",ed95086f83d1f28792eace8fff53be5e08cc1e0adab46a5148bd2c03b140a0a5
facefix-20260826-r33,32,bv20-099b11f783926c847bc9faf3,failed,900.0,"time limit; mission evidence invalid: RuntimeError: expected exactly one fresh mission run, found 2",099b11f783926c847bc9faf3e213c1edc5b9cfbab273f9bb1df5b6e9de621a97
facefix-20260826-r34,33,bv20-4b50eec40a1ea37154a29b8d,passed,810.8,,4b50eec40a1ea37154a29b8d87a5f79777f1801591807d9659dcb3fa68815f7f
facefix-20260826-r35,34,bv20-650426aaec666233a453bf77,passed,471.4,,650426aaec666233a453bf77272e54b8b0ad6d1f1010022e561d23f3b497fa30
facefix-20260826-r36,35,bv20-3fb6d2fce63e434fc9b9c486,failed,900.0,"time limit; mission evidence invalid: RuntimeError: expected exactly one fresh mission run, found 2",3fb6d2fce63e434fc9b9c486dad2434a28d4caaca1de130f69bd659f8d0230bc
facefix-20260826-r37,36,bv20-2dee666f65b9e5b601ed04c0,failed,900.0,time limit,2dee666f65b9e5b601ed04c072306360efe5d205f8164c3a0021587a814e58c8
facefix-20260826-r38,37,bv20-a016d1fd19a8f841ccedb0e6,failed,900.0,time limit,a016d1fd19a8f841ccedb0e6772f1e2f075ab4d542c3c0ec652f393721b6bfca
facefix-20260826-r39,38,bv20-ff85115ccea8bb9f8245994c,passed,536.5,,ff85115ccea8bb9f8245994ceff95c82537cb11580a056af4174b9caea97af7d
facefix-20260826-r40,39,bv20-6f509328dfad173963a3e365,failed,900.0,time limit,6f509328dfad173963a3e365e0d7918df33c6e856303871bdcd467c43c0731fc
route-removed-confirm-20260824-r01,0,bv20-5eb72c1c3d96422b1c7618d2,passed,252.0,,5eb72c1c3d96422b1c7618d2c8e4a99374ec3f3d619bec2dea395a7a65cb34bb
route-removed-confirm-20260824-r02,1,bv20-cc9df2622964e2b811724247,passed,258.6,,cc9df2622964e2b81172424791a04b52eb1c160a87e69a9d95f3850eefacda59
route-removed-confirm-20260824-r03,2,bv20-4817e55db441a3f846f23094,passed,362.5,,4817e55db441a3f846f23094771af473df6adf74c09f54aa4755811af8a84389
route-removed-confirm-20260824-r04,3,bv20-c46bf0b6f79045c0ebc7965c,passed,255.2,,c46bf0b6f79045c0ebc7965cf8fcd49c7ddaa6fb257e2012149f7a77a4704b18
route-removed-confirm-20260824-r05,4,bv20-ca60fb0ceb18a589afc44968,passed,558.5,,ca60fb0ceb18a589afc44968f8514c67378baefbe947a1106cc1a6094450b7f1
route-removed-confirm-20260824-r06,5,bv20-255f4dad0e97d43d00b0869b,passed,590.5,,255f4dad0e97d43d00b0869b0d98d3028a10254fc528c5d6c6e7da7e547ef764
route-removed-confirm-20260824-r07,6,bv20-ce216ddab8428ce0cc6f0ef8,passed,364.6,,ce216ddab8428ce0cc6f0ef8919284b671226672a378b286ddf256903f45210c
route-removed-confirm-20260824-r08,7,bv20-1fc099a58d031712cd2ef384,passed,416.2,,1fc099a58d031712cd2ef38476603213d4b25baa0bafef962db1c32b3712e1c0
route-removed-confirm-20260824-r09,8,bv20-be3df8a532f2dc660aaf09b5,passed,282.1,,be3df8a532f2dc660aaf09b526b22996bb4d8b9ce150040d9582f6ab85666208
route-removed-confirm-20260824-r10,9,bv20-d66e7dac234228def68cbd3c,passed,254.5,,d66e7dac234228def68cbd3c0fcc6622a7f5ccf9f9e2a4ae434302b76c37719e
route-removed-confirm-20260824-r11,10,bv20-98e0817c1c349ffb3f4f6842,passed,230.7,,98e0817c1c349ffb3f4f684293e3d6957bd6c4de5c31dd7db6cffe38a12f8289
route-removed-confirm-20260824-r12,11,bv20-e3d3f44bd4f1e153fcfd4abb,passed,396.8,,e3d3f44bd4f1e153fcfd4abbf1b6d15f2ef01fb7c25541ea9b10373a084dfddd
route-removed-confirm-20260824-r13,12,bv20-e92b3cec77a6769e1a765b54,passed,476.0,,e92b3cec77a6769e1a765b54818e49cfacfb786b2f3e62083d88e663e94fc7d3
route-removed-confirm-20260824-r14,13,bv20-7b79e4fb3db648eec14785ff,passed,271.5,,7b79e4fb3db648eec14785ff1f1a89d72f5a0b822c29f3d58a402cae9adff032
route-removed-confirm-20260824-r15,14,bv20-7629bb0e286424b6c5957664,passed,370.2,,7629bb0e286424b6c59576646bd0320709afb36e13aaab449ee9add1eb760099
route-removed-confirm-20260824-r16,15,bv20-491495451b86036df0b005cd,passed,310.6,,491495451b86036df0b005cd89c5cff307e4d46515e4669a160fe4177b88b699
route-removed-confirm-20260824-r17,16,bv20-5b6cae2a59fedf19d38e6e1b,passed,286.0,,5b6cae2a59fedf19d38e6e1b06fac2a63e3b12e5340ca3c2acaef4183d944fce
route-removed-confirm-20260824-r18,17,bv20-d324aba5c860407aea1ff854,passed,287.3,,d324aba5c860407aea1ff854ae26698262286a34a4059a2ca69a1243a8ad9458
route-removed-confirm-20260824-r19,18,bv20-e27ec23bac527e02f5ec2224,passed,293.0,,e27ec23bac527e02f5ec2224b33d5d840bcb35a827be5f90a9a3ab38bae684fa
route-removed-confirm-20260824-r20,19,bv20-3fedd8e2db685fbb32cfa9d9,passed,261.9,,3fedd8e2db685fbb32cfa9d93c8f816380129d176b571c9732ff8b9046edee08
route-removed-confirm-20260824-r21,20,bv20-65597eb94a212c534daf2e73,passed,577.0,,65597eb94a212c534daf2e73312e4ae9754fbef39bcfe9da39d2a45e539d8604
route-removed-confirm-20260824-r22,21,bv20-03bc54ba2b22ed100c487d26,passed,370.7,,03bc54ba2b22ed100c487d26bb6f204435804a3fc44666194904448e4a866482
route-removed-confirm-20260824-r23,22,bv20-ce38357501cc2c4cad1471aa,passed,495.9,,ce38357501cc2c4cad1471aaf7c8f78d064434a22960abac2a335e771b91cf03
route-removed-confirm-20260824-r24,23,bv20-8dc95251d4cd191798fbe886,passed,310.0,,8dc95251d4cd191798fbe886b1b8045020f0cc77cbbd35680aa3f33ad6c460d4
route-removed-confirm-20260824-r25,24,bv20-1963fbdea4b110e2cd7ec91e,passed,256.7,,1963fbdea4b110e2cd7ec91e62db683ae7db4d91a762729592d858ea63cdf0ce
route-removed-confirm-20260824-r26,25,bv20-b962700b8cd03ab403c76150,passed,281.4,,b962700b8cd03ab403c76150e673422d67ffaef07ba0b84b34da698d78f6076c
route-removed-confirm-20260824-r27,26,bv20-516333b8b2f91dc151c10e29,passed,299.1,,516333b8b2f91dc151c10e29357f7a1660369c162c5d7b9b21b051311c6dddb8
route-removed-confirm-20260824-r28,27,bv20-b21fa143b7912c3f3b594586,passed,282.8,,b21fa143b7912c3f3b594586082cec969a5cfc538fcdab42e5e5d4f90165a968
route-removed-confirm-20260824-r29,28,bv20-619e60a3068f0099c9cbb349,passed,256.0,,619e60a3068f0099c9cbb349bb60fc9f4e2f6596858c1ee1d9d3d1365194bce8
route-removed-confirm-20260824-r30,29,bv20-36a31eb29f59f544fedf8253,passed,329.1,,36a31eb29f59f544fedf82531f16ecc63fb94c88118f189aef30ff68266d5f71
route-removed-confirm-20260824-r31,30,bv20-2f5df30f529d37fd0fe0cdac,passed,384.4,,2f5df30f529d37fd0fe0cdaca81954740d86b99076cc87514e2bcf11730032b3
route-removed-confirm-20260824-r32,31,bv20-cba43853e8474a769be3cf51,passed,371.2,,cba43853e8474a769be3cf51d5305bf5036b70c0b8b560468dba71bcb8510c79
route-removed-confirm-20260824-r33,32,bv20-4040cdace42901356d26104e,passed,245.0,,4040cdace42901356d26104ebf0934184c6919e8ea96bc600747c1197a6d2180
route-removed-confirm-20260824-r34,33,bv20-814f742d3ee9022f0227e04f,passed,556.8,,814f742d3ee9022f0227e04f7caeb5f8573db79894f509f2af9c5e9637a22256
route-removed-confirm-20260824-r35,34,bv20-ab54e5abfaf964daf95071ce,passed,323.3,,ab54e5abfaf964daf95071ce382766fb58260409e66b8bfe72b7059788f2e6a5
route-removed-confirm-20260824-r36,35,bv20-5e29b5da05263f1b0770d7cd,passed,292.5,,5e29b5da05263f1b0770d7cda5116364ec316709d63a9f6ae8f070a3b7d0786a
route-removed-confirm-20260824-r37,36,bv20-ed452ae072a8dcc41c00d11b,passed,273.4,,ed452ae072a8dcc41c00d11b331bbd88bae1bac2f10e4f535c5932b37aabdc24
route-removed-confirm-20260824-r38,37,bv20-e6c99ad6aa5e2b1d990e0dcc,passed,438.5,,e6c99ad6aa5e2b1d990e0dcceb88cb3e7699e334d296a17f31e1bcf7a575d933
route-removed-confirm-20260824-r39,38,bv20-0741f97dd7cd750f6810aa46,passed,499.2,,0741f97dd7cd750f6810aa464058ae046d9bd64de02f4c7d172d379bda851c62
route-removed-confirm-20260824-r40,39,bv20-2e7a571665935f14def13136,passed,343.0,,2e7a571665935f14def1313681bd88dad25cbdb7d193d7fa536931fd60e759f9
